Measure,Year,Age group,Male,Female,ALL
Crude incidence per 100k,2023,0 - 19,0,0,0
Crude incidence per 100k,2023,20-24,0,0,0
Crude incidence per 100k,2023,25-29,0,0,0
Crude incidence per 100k,2023,30-34,0.15,0.162,0.155
Crude incidence per 100k,2023,35-39,0.587,0.157,0.38
Crude incidence per 100k,2023,40-44,1.818,0.655,1.259
Crude incidence per 100k,2023,45-49,3.715,2.933,3.34
Crude incidence per 100k,2023,50-54,10.116,5.626,7.938
Crude incidence per 100k,2023,55-59,24.075,13.347,18.815
Crude incidence per 100k,2023,60-64,47.737,29.08,38.509
Crude incidence per 100k,2023,65-69,91.6,43.926,67.471
Crude incidence per 100k,2023,70-74,168.798,89.759,127.819
Crude incidence per 100k,2023,75-79,286.976,120.74,198.622
Crude incidence per 100k,2023,80-84,331.703,153.047,232.639
Crude incidence per 100k,2023,85-89,343.997,125.258,215.749
Crude incidence per 100k,2023,90-94,168.297,63.789,102.076
Crude incidence per 100k,2023,95+,69.947,28.201,41.293
Crude incidence per 100k,2023,TOTAL ,41.916,22.932,32.526
Crude incidence per 100k,2022,0 - 19,0,0,0
Crude incidence per 100k,2022,20-24,0,0.2,0.1
Crude incidence per 100k,2022,25-29,0,0.4,0.2
Crude incidence per 100k,2022,30-34,0,0,0
Crude incidence per 100k,2022,35-39,0.4,0.3,0.4
Crude incidence per 100k,2022,40-44,1.4,2.3,1.8
Crude incidence per 100k,2022,45-49,3.4,2.9,3.2
Crude incidence per 100k,2022,50-54,12.9,6.8,9.9
Crude incidence per 100k,2022,55-59,19.3,10.4,14.9
Crude incidence per 100k,2022,60-64,43.5,30.8,37.2
Crude incidence per 100k,2022,65-69,79.8,48.4,63.9
Crude incidence per 100k,2022,70-74,163.7,75.5,117.9
Crude incidence per 100k,2022,75-79,259,130.3,190.5
Crude incidence per 100k,2022,80-84,313.6,131.7,212.4
Crude incidence per 100k,2022,85-89,313.6,130.9,206.2
Crude incidence per 100k,2022,90-94,227.3,68.6,126.3
Crude incidence per 100k,2022,95+,38.6,7.7,17.2
Crude incidence per 100k,2022,TOTAL ,38.8,22.4,30.7
Crude incidence per 100k,2021,0 - 19,0,0,0
Crude incidence per 100k,2021,20-24,0.2,0,0.1
Crude incidence per 100k,2021,25-29,0,0,0
Crude incidence per 100k,2021,30-34,0,0.2,0.1
Crude incidence per 100k,2021,35-39,0.2,0,0.1
Crude incidence per 100k,2021,40-44,2.5,1.3,1.9
Crude incidence per 100k,2021,45-49,3.9,4,4
Crude incidence per 100k,2021,50-54,8.1,6.1,7.1
Crude incidence per 100k,2021,55-59,19.9,10.5,15.3
Crude incidence per 100k,2021,60-64,45.9,24.8,35.5
Crude incidence per 100k,2021,65-69,83.7,49.4,66.3
Crude incidence per 100k,2021,70-74,150.8,88.2,118.2
Crude incidence per 100k,2021,75-79,209.8,117.6,160.6
Crude incidence per 100k,2021,80-84,262.3,118.3,182
Crude incidence per 100k,2021,85-89,245.5,107.2,164
Crude incidence per 100k,2021,90-94,177.7,59.3,101.8
Crude incidence per 100k,2021,95+,43.4,30.2,34.2
Crude incidence per 100k,2021,TOTAL ,34,21.1,27.6
Crude incidence per 100k,2020,0 - 19,0,0,0
Crude incidence per 100k,2020,20-24,0,0.2,0.1
Crude incidence per 100k,2020,25-29,0.2,0.3,0.2
Crude incidence per 100k,2020,30-34,0,0.6,0.3
Crude incidence per 100k,2020,35-39,0.9,0.3,0.6
Crude incidence per 100k,2020,40-44,1.4,1,1.2
Crude incidence per 100k,2020,45-49,3.1,4,3.5
Crude incidence per 100k,2020,50-54,7.2,7.3,7.3
Crude incidence per 100k,2020,55-59,19.5,11.4,15.5
Crude incidence per 100k,2020,60-64,39.9,23.7,31.9
Crude incidence per 100k,2020,65-69,82.7,40.3,61.2
Crude incidence per 100k,2020,70-74,136.7,70.3,102.2
Crude incidence per 100k,2020,75-79,212.7,107.6,156.6
Crude incidence per 100k,2020,80-84,299.6,150.7,216.6
Crude incidence per 100k,2020,85-89,342,154.4,230.9
Crude incidence per 100k,2020,90-94,304.7,121.8,186.8
Crude incidence per 100k,2020,95+,85.6,44.9,56.9
Crude incidence per 100k,2020,TOTAL ,35.5,21.9,28.7
Crude incidence per 100k,2019,0 - 19,0,0,0
Crude incidence per 100k,2019,20-24,0,0.4,0.2
Crude incidence per 100k,2019,25-29,0.2,0.5,0.3
Crude incidence per 100k,2019,30-34,0.6,0.9,0.8
Crude incidence per 100k,2019,35-39,1.2,0.6,0.9
Crude incidence per 100k,2019,40-44,2.4,1.7,2
Crude incidence per 100k,2019,45-49,6.3,2.5,4.5
Crude incidence per 100k,2019,50-54,12.6,6.9,9.8
Crude incidence per 100k,2019,55-59,28.6,16.9,22.9
Crude incidence per 100k,2019,60-64,55.1,27,41.2
Crude incidence per 100k,2019,65-69,87.3,58.7,72.8
Crude incidence per 100k,2019,70-74,178.3,97.6,136.3
Crude incidence per 100k,2019,75-79,289.5,169,225.1
Crude incidence per 100k,2019,80-84,402.9,186.8,282.2
Crude incidence per 100k,2019,85-89,453.6,205.3,306
Crude incidence per 100k,2019,90-94,306.2,142,199.6
Crude incidence per 100k,2019,95+,129.5,56.2,77.4
Crude incidence per 100k,2019,TOTAL ,46.7,29.7,38.2
Crude incidence per 100k,2018,0 - 19,0,0,0
Crude incidence per 100k,2018,20-24,0.9,0.2,0.6
Crude incidence per 100k,2018,25-29,0.6,0.5,0.6
Crude incidence per 100k,2018,30-34,0.5,0.5,0.5
Crude incidence per 100k,2018,35-39,0.9,0.8,0.8
Crude incidence per 100k,2018,40-44,2.4,3.9,3.1
Crude incidence per 100k,2018,45-49,5.4,2.5,4
Crude incidence per 100k,2018,50-54,12.1,7.7,10
Crude incidence per 100k,2018,55-59,24.7,14.5,19.7
Crude incidence per 100k,2018,60-64,50.2,30.9,40.6
Crude incidence per 100k,2018,65-69,98.9,54.9,76.5
Crude incidence per 100k,2018,70-74,180.8,102.9,140.4
Crude incidence per 100k,2018,75-79,297.1,157.5,222.2
Crude incidence per 100k,2018,80-84,384,193.8,277.5
Crude incidence per 100k,2018,85-89,468.3,197.3,306.1
Crude incidence per 100k,2018,90-94,416.6,122.9,224.2
Crude incidence per 100k,2018,95+,112.2,73.2,84.3
Crude incidence per 100k,2018,TOTAL ,46.8,29.3,38.1
Crude incidence per 100k,2017,0 - 19,0,0,0
Crude incidence per 100k,2017,20-24,0.4,0.2,0.3
Crude incidence per 100k,2017,25-29,0.5,0.3,0.4
Crude incidence per 100k,2017,30-34,0.8,1.1,0.9
Crude incidence per 100k,2017,35-39,1.7,0.2,0.9
Crude incidence per 100k,2017,40-44,2.9,2.7,2.8
Crude incidence per 100k,2017,45-49,4.6,4.2,4.4
Crude incidence per 100k,2017,50-54,12.6,8.4,10.5
Crude incidence per 100k,2017,55-59,25.3,13.3,19.4
Crude incidence per 100k,2017,60-64,56.8,31.2,44.1
Crude incidence per 100k,2017,65-69,100.8,57.1,78.5
Crude incidence per 100k,2017,70-74,177,93.9,133.8
Crude incidence per 100k,2017,75-79,275.6,155.7,211
Crude incidence per 100k,2017,80-84,399.3,207.1,291.4
Crude incidence per 100k,2017,85-89,447.6,224.9,313.4
Crude incidence per 100k,2017,90-94,358.4,167.3,231.8
Crude incidence per 100k,2017,95+,107.1,67.1,78.2
Crude incidence per 100k,2017,TOTAL ,45.9,30.3,38.1
Crude incidence per 100k,2016,0 - 19,0,0,0
Crude incidence per 100k,2016,20-24,0,0.2,0.1
Crude incidence per 100k,2016,25-29,0,0.2,0.1
Crude incidence per 100k,2016,30-34,0.3,1.6,0.9
Crude incidence per 100k,2016,35-39,0.6,0.6,0.6
Crude incidence per 100k,2016,40-44,3.2,2.7,3
Crude incidence per 100k,2016,45-49,5,3.5,4.3
Crude incidence per 100k,2016,50-54,13.2,7.2,10.2
Crude incidence per 100k,2016,55-59,25.5,13.3,19.5
Crude incidence per 100k,2016,60-64,60.5,31.7,46.1
Crude incidence per 100k,2016,65-69,104.5,55.6,79.5
Crude incidence per 100k,2016,70-74,180.7,86.5,131.6
Crude incidence per 100k,2016,75-79,326.4,143.4,227.6
Crude incidence per 100k,2016,80-84,391.7,183.2,274.2
Crude incidence per 100k,2016,85-89,458.6,182.4,290.7
Crude incidence per 100k,2016,90-94,366.2,150.5,222.2
Crude incidence per 100k,2016,95+,138.1,80.4,96.6
Crude incidence per 100k,2016,TOTAL ,48.3,28,38.2
Crude incidence per 100k,2015,0 - 19,0,0,0
Crude incidence per 100k,2015,20-24,0.3,0.2,0.3
Crude incidence per 100k,2015,25-29,0.3,0.2,0.2
Crude incidence per 100k,2015,30-34,0.9,0.3,0.6
Crude incidence per 100k,2015,35-39,1.1,0.9,1
Crude incidence per 100k,2015,40-44,3.5,2.1,2.8
Crude incidence per 100k,2015,45-49,5.9,3.5,4.7
Crude incidence per 100k,2015,50-54,13.7,7.5,10.7
Crude incidence per 100k,2015,55-59,22.8,14.3,18.6
Crude incidence per 100k,2015,60-64,44.5,30.5,37.5
Crude incidence per 100k,2015,65-69,109.2,47.8,77.8
Crude incidence per 100k,2015,70-74,178.1,95.7,135
Crude incidence per 100k,2015,75-79,295.9,153.2,218.8
Crude incidence per 100k,2015,80-84,401.2,203.5,289.2
Crude incidence per 100k,2015,85-89,413.2,176,268
Crude incidence per 100k,2015,90-94,293.5,158.6,202.6
Crude incidence per 100k,2015,95+,145.6,54.3,79.5
Crude incidence per 100k,2015,TOTAL ,46.1,29,37.6
Crude incidence per 100k,2014,0 - 19,0,0,0
Crude incidence per 100k,2014,20-24,0.3,0.4,0.4
Crude incidence per 100k,2014,25-29,0.2,0.2,0.2
Crude incidence per 100k,2014,30-34,0.4,0.9,0.7
Crude incidence per 100k,2014,35-39,0.6,0.2,0.4
Crude incidence per 100k,2014,40-44,3.5,1.4,2.5
Crude incidence per 100k,2014,45-49,6.4,4.1,5.3
Crude incidence per 100k,2014,50-54,12.6,9,10.8
Crude incidence per 100k,2014,55-59,26.1,17.1,21.7
Crude incidence per 100k,2014,60-64,52,25.2,38.5
Crude incidence per 100k,2014,65-69,106.7,57,81.3
Crude incidence per 100k,2014,70-74,175.2,97.1,134.3
Crude incidence per 100k,2014,75-79,306.8,155,224.6
Crude incidence per 100k,2014,80-84,399.3,189.7,279.9
Crude incidence per 100k,2014,85-89,483.8,209.2,314.3
Crude incidence per 100k,2014,90-94,277.7,147.5,188.9
Crude incidence per 100k,2014,95+,109.5,66.6,78.3
Crude incidence per 100k,2014,TOTAL ,47.3,30.1,38.7
Crude incidence per 100k,2013,0 - 19,0,0,0
Crude incidence per 100k,2013,20-24,0,0.2,0.1
Crude incidence per 100k,2013,25-29,0.2,0.5,0.3
Crude incidence per 100k,2013,30-34,0.4,0.3,0.4
Crude incidence per 100k,2013,35-39,1,0.6,0.8
Crude incidence per 100k,2013,40-44,2,1.4,1.7
Crude incidence per 100k,2013,45-49,5.4,3.8,4.7
Crude incidence per 100k,2013,50-54,11.8,7.3,9.6
Crude incidence per 100k,2013,55-59,26.4,15.9,21.2
Crude incidence per 100k,2013,60-64,51.6,26.6,39
Crude incidence per 100k,2013,65-69,90,50.8,69.9
Crude incidence per 100k,2013,70-74,175,103.8,137.6
Crude incidence per 100k,2013,75-79,304.2,156.7,224.3
Crude incidence per 100k,2013,80-84,377.9,182.7,265.9
Crude incidence per 100k,2013,85-89,446.6,200.6,293.5
Crude incidence per 100k,2013,90-94,297,140.5,189.6
Crude incidence per 100k,2013,95+,123.7,48.3,68.5
Crude incidence per 100k,2013,TOTAL ,44.7,29.2,36.9
Crude incidence per 100k,2012,0 - 19,0,0,0
Crude incidence per 100k,2012,20-24,0.2,0.4,0.3
Crude incidence per 100k,2012,25-29,0.3,0,0.2
Crude incidence per 100k,2012,30-34,0.7,0,0.4
Crude incidence per 100k,2012,35-39,1.5,0.8,1.1
Crude incidence per 100k,2012,40-44,1.8,1.7,1.8
Crude incidence per 100k,2012,45-49,5.5,3.5,4.5
Crude incidence per 100k,2012,50-54,9.7,5.4,7.6
Crude incidence per 100k,2012,55-59,26.4,14.9,20.7
Crude incidence per 100k,2012,60-64,50.5,35.1,42.8
Crude incidence per 100k,2012,65-69,99.6,59.8,79.2
Crude incidence per 100k,2012,70-74,175.5,95.4,133.3
Crude incidence per 100k,2012,75-79,299.5,172.5,230.5
Crude incidence per 100k,2012,80-84,381.1,196.6,274.6
Crude incidence per 100k,2012,85-89,395.4,209.1,278.3
Crude incidence per 100k,2012,90-94,315.9,161.9,209.5
Crude incidence per 100k,2012,95+,101.8,50.1,63.8
Crude incidence per 100k,2012,TOTAL ,43.9,31.1,37.5
Crude incidence per 100k,2011,0 - 19,0,0,0
Crude incidence per 100k,2011,20-24,0.2,0.2,0.2
Crude incidence per 100k,2011,25-29,0,0.5,0.2
Crude incidence per 100k,2011,30-34,0,0.1,0.1
Crude incidence per 100k,2011,35-39,0,1.2,0.6
Crude incidence per 100k,2011,40-44,2,0.7,1.4
Crude incidence per 100k,2011,45-49,7,4,5.5
Crude incidence per 100k,2011,50-54,12.5,6.5,9.6
Crude incidence per 100k,2011,55-59,32.2,14,23.2
Crude incidence per 100k,2011,60-64,50.7,24.5,37.5
Crude incidence per 100k,2011,65-69,101.6,56.6,78.6
Crude incidence per 100k,2011,70-74,198.1,94.4,143.5
Crude incidence per 100k,2011,75-79,308.6,146.2,220.2
Crude incidence per 100k,2011,80-84,417.8,192.6,286.9
Crude incidence per 100k,2011,85-89,402.8,217.9,285.3
Crude incidence per 100k,2011,90-94,303.3,148.2,195.6
Crude incidence per 100k,2011,95+,103.6,51.8,65.3
Crude incidence per 100k,2011,TOTAL ,46.1,29.2,37.6
Crude incidence per 100k,2010,0 - 19,0,0,0
Crude incidence per 100k,2010,20-24,0,0.2,0.1
Crude incidence per 100k,2010,25-29,0.5,0,0.2
Crude incidence per 100k,2010,30-34,0.5,0.2,0.3
Crude incidence per 100k,2010,35-39,0.8,0.9,0.8
Crude incidence per 100k,2010,40-44,2.5,1.5,2
Crude incidence per 100k,2010,45-49,5.7,5.2,5.5
Crude incidence per 100k,2010,50-54,12.3,7.3,9.9
Crude incidence per 100k,2010,55-59,25.4,17,21.3
Crude incidence per 100k,2010,60-64,53.4,30.4,41.9
Crude incidence per 100k,2010,65-69,95.8,53.7,74.3
Crude incidence per 100k,2010,70-74,178.2,103.5,138.9
Crude incidence per 100k,2010,75-79,300.6,172.7,230.6
Crude incidence per 100k,2010,80-84,399.1,193.8,279
Crude incidence per 100k,2010,85-89,460.3,209.1,299.1
Crude incidence per 100k,2010,90-94,300.4,162.7,203.8
Crude incidence per 100k,2010,95+,182.6,71.1,99.8
Crude incidence per 100k,2010,TOTAL ,44.5,31.3,37.9
Crude incidence per 100k,2009,0 - 19,0,0,0
Crude incidence per 100k,2009,20-24,0.9,0.2,0.5
Crude incidence per 100k,2009,25-29,0.6,0,0.3
Crude incidence per 100k,2009,30-34,0.8,0.2,0.5
Crude incidence per 100k,2009,35-39,2.7,1.3,2
Crude incidence per 100k,2009,40-44,3.7,1.2,2.5
Crude incidence per 100k,2009,45-49,4.9,3.6,4.3
Crude incidence per 100k,2009,50-54,14.3,10.3,12.3
Crude incidence per 100k,2009,55-59,28.3,16.8,22.6
Crude incidence per 100k,2009,60-64,52.1,35.6,43.8
Crude incidence per 100k,2009,65-69,111,62.3,86.1
Crude incidence per 100k,2009,70-74,210.8,95.9,150.3
Crude incidence per 100k,2009,75-79,305.5,178.2,235.6
Crude incidence per 100k,2009,80-84,406.6,216.3,294.5
Crude incidence per 100k,2009,85-89,484,218.3,311.6
Crude incidence per 100k,2009,90-94,270.2,162.8,193.9
Crude incidence per 100k,2009,95+,142.4,60.4,81.2
Crude incidence per 100k,2009,TOTAL ,47.2,33,40.1
Crude incidence per 100k,2008,0 - 19,0,0,0
Crude incidence per 100k,2008,20-24,0,0,0
Crude incidence per 100k,2008,25-29,0.2,0.3,0.2
Crude incidence per 100k,2008,30-34,0,0,0
Crude incidence per 100k,2008,35-39,0.7,0.8,0.7
Crude incidence per 100k,2008,40-44,2.1,2,2.1
Crude incidence per 100k,2008,45-49,4.7,4.7,4.7
Crude incidence per 100k,2008,50-54,13,9.6,11.3
Crude incidence per 100k,2008,55-59,25.8,15.6,20.8
Crude incidence per 100k,2008,60-64,54.3,32.1,43.2
Crude incidence per 100k,2008,65-69,105,67.6,85.9
Crude incidence per 100k,2008,70-74,216.7,118,164.7
Crude incidence per 100k,2008,75-79,344.3,186.4,257.2
Crude incidence per 100k,2008,80-84,436,228.1,312.7
Crude incidence per 100k,2008,85-89,448.7,212,293.9
Crude incidence per 100k,2008,90-94,367,204.5,250.4
Crude incidence per 100k,2008,95+,193.3,93.7,118.4
Crude incidence per 100k,2008,TOTAL ,48,35.2,41.6
Crude incidence per 100k,2007,0 - 19,0,0,0
Crude incidence per 100k,2007,20-24,0,0,0
Crude incidence per 100k,2007,25-29,0.5,0.3,0.4
Crude incidence per 100k,2007,30-34,1.4,0.7,1
Crude incidence per 100k,2007,35-39,1.2,0.7,1
Crude incidence per 100k,2007,40-44,1.8,1.9,1.8
Crude incidence per 100k,2007,45-49,7.8,3.1,5.5
Crude incidence per 100k,2007,50-54,13.6,7.4,10.6
Crude incidence per 100k,2007,55-59,26.4,15.3,21
Crude incidence per 100k,2007,60-64,57.3,34.5,45.9
Crude incidence per 100k,2007,65-69,109.3,60.8,84.5
Crude incidence per 100k,2007,70-74,211.9,117.9,162.4
Crude incidence per 100k,2007,75-79,336.6,185.3,252.6
Crude incidence per 100k,2007,80-84,464.3,235.4,327.3
Crude incidence per 100k,2007,85-89,496.4,240.5,327.9
Crude incidence per 100k,2007,90-94,480.7,189.4,270.5
Crude incidence per 100k,2007,95+,177.6,87.5,109.4
Crude incidence per 100k,2007,TOTAL ,49.6,35.6,42.6
Crude incidence per 100k,2006,0 - 19,0,0,0
Crude incidence per 100k,2006,20-24,0.4,0,0.2
Crude incidence per 100k,2006,25-29,0.2,0,0.1
Crude incidence per 100k,2006,30-34,0.2,0.2,0.2
Crude incidence per 100k,2006,35-39,0.7,0.4,0.5
Crude incidence per 100k,2006,40-44,2.6,1.4,2
Crude incidence per 100k,2006,45-49,6.9,2.9,5
Crude incidence per 100k,2006,50-54,12.9,7,10.1
Crude incidence per 100k,2006,55-59,31.8,17.8,24.9
Crude incidence per 100k,2006,60-64,60.7,34.7,47.8
Crude incidence per 100k,2006,65-69,112.2,77.4,94.4
Crude incidence per 100k,2006,70-74,199.4,128.6,162
Crude incidence per 100k,2006,75-79,336.3,184.5,251.6
Crude incidence per 100k,2006,80-84,457.1,235.3,322.9
Crude incidence per 100k,2006,85-89,553,266.2,363.2
Crude incidence per 100k,2006,90-94,417.3,200.6,259.8
Crude incidence per 100k,2006,95+,200.5,129.7,146.5
Crude incidence per 100k,2006,TOTAL ,49.3,37.7,43.6
Crude incidence per 100k,2005,0 - 19,0,0,0
Crude incidence per 100k,2005,20-24,0,0,0
Crude incidence per 100k,2005,25-29,0,0.2,0.1
Crude incidence per 100k,2005,30-34,0.8,0.2,0.5
Crude incidence per 100k,2005,35-39,0.8,0.8,0.8
Crude incidence per 100k,2005,40-44,2.8,2,2.4
Crude incidence per 100k,2005,45-49,6.1,3.7,5
Crude incidence per 100k,2005,50-54,14.7,8.5,11.7
Crude incidence per 100k,2005,55-59,26.1,16.1,21.2
Crude incidence per 100k,2005,60-64,62.2,36.1,49.2
Crude incidence per 100k,2005,65-69,123.8,63.5,93
Crude incidence per 100k,2005,70-74,234.4,131.3,179.8
Crude incidence per 100k,2005,75-79,380.6,202.2,280.5
Crude incidence per 100k,2005,80-84,521.3,268.7,367.1
Crude incidence per 100k,2005,85-89,610.7,305.1,406.7
Crude incidence per 100k,2005,90-94,239.9,230,232.7
Crude incidence per 100k,2005,95+,226.6,98.8,128.7
Crude incidence per 100k,2005,TOTAL ,53.3,40.3,46.8
Crude incidence per 100k,2004,0 - 19,0,0,0
Crude incidence per 100k,2004,20-24,0.2,0,0.1
Crude incidence per 100k,2004,25-29,0,0.2,0.1
Crude incidence per 100k,2004,30-34,0.2,0.2,0.2
Crude incidence per 100k,2004,35-39,0.6,1.3,0.9
Crude incidence per 100k,2004,40-44,1.7,0.8,1.2
Crude incidence per 100k,2004,45-49,6.2,3.5,4.9
Crude incidence per 100k,2004,50-54,15.9,9.3,12.7
Crude incidence per 100k,2004,55-59,33.4,16.3,25
Crude incidence per 100k,2004,60-64,71.7,43.3,57.6
Crude incidence per 100k,2004,65-69,142.3,88.1,114.6
Crude incidence per 100k,2004,70-74,270.1,152.5,207.8
Crude incidence per 100k,2004,75-79,420.7,227.5,312
Crude incidence per 100k,2004,80-84,601.9,299.3,415.6
Crude incidence per 100k,2004,85-89,570.7,327.1,406.5
Crude incidence per 100k,2004,90-94,496.5,236.1,306.3
Crude incidence per 100k,2004,95+,223.8,136.3,156.8
Crude incidence per 100k,2004,TOTAL ,59.9,45.8,52.9
Crude incidence per 100k,2003,0 - 19,0,0,0
Crude incidence per 100k,2003,20-24,0,0.2,0.1
Crude incidence per 100k,2003,25-29,0.4,0,0.2
Crude incidence per 100k,2003,30-34,0.3,0.7,0.5
Crude incidence per 100k,2003,35-39,1.6,0.6,1.1
Crude incidence per 100k,2003,40-44,2.6,2.1,2.4
Crude incidence per 100k,2003,45-49,8,4,6.1
Crude incidence per 100k,2003,50-54,15.5,10.5,13
Crude incidence per 100k,2003,55-59,35.6,22.8,29.3
Crude incidence per 100k,2003,60-64,72,44.3,58.3
Crude incidence per 100k,2003,65-69,146.9,86.8,116.3
Crude incidence per 100k,2003,70-74,287.4,163.1,221.3
Crude incidence per 100k,2003,75-79,479,258,354.2
Crude incidence per 100k,2003,80-84,623,340.1,447.9
Crude incidence per 100k,2003,85-89,756.2,359.5,487.1
Crude incidence per 100k,2003,90-94,641.6,310,398.4
Crude incidence per 100k,2003,95+,237.8,165.8,182.6
Crude incidence per 100k,2003,TOTAL ,65.9,51.5,58.8